epoch,loss,val_loss,learning_rate
0,0.9566167799836367,0.8805279696836685,0.001
1,0.7021721258806923,0.49042286121354683,0.001
